element,edge energy,energy,dcm_para,point_index,dof:dcm_roll,dof:m2_yaw,dof:m2_lateral,outcome:alignment_cost:mean,outcome:alignment_cost:sem,outcome:centroid_distance:mean,outcome:centroid_distance:sem,outcome:centroid_x:mean,outcome:centroid_x:sem,outcome:centroid_x_distance:mean,outcome:centroid_x_distance:sem,outcome:centroid_y:mean,outcome:centroid_y:sem,outcome:fwhm_x:mean,outcome:fwhm_x:sem,outcome:fwhm_y:mean,outcome:fwhm_y:sem,outcome:intensity:mean,outcome:intensity:sem,outcome:intensity_ratio:mean,outcome:intensity_ratio:sem,on-screen X,on-screen Y
V,5465,5765,43.7333966373024,66,0.3838,-0.0569,-1.0571,0.5947,nan,4.7166,nan,707.7940,nan,0.2881,nan,661.7362,nan,26.5986,nan,12.8074,nan,397.2361,nan,0.9857,nan,708,426
Cr,5989,6289,47.708470329921,61,-0.0259,0.0118,-1.3453,0.5868,nan,14.2143,nan,706.9642,nan,1.1179,nan,671.1987,nan,27.1383,nan,11.6798,nan,455.2295,nan,0.9902,nan,707,417
Mn,6539,6839,51.8807805034711,65,0.3169,0.1243,-1.1072,0.5669,nan,13.1886,nan,708.4263,nan,0.3442,nan,670.2124,nan,28.8135,nan,11.7557,nan,508.3640,nan,1.0190,nan,708,418
Fe,7112,7412,56.2275691024606,76,-0.5294,0.1387,-1.5663,0.6247,nan,10.6125,nan,708.0439,nan,0.0382,nan,667.6408,nan,30.5584,nan,12.2398,nan,507.2767,nan,0.9921,nan,708,420
Co,7709,8009,60.7564221453868,41,-0.2178,0.1141,-1.3220,0.6319,nan,10.3130,nan,706.8725,nan,1.2096,nan,667.2702,nan,31.8820,nan,12.2947,nan,492.6888,nan,0.9995,nan,707,421
Ni,8333,8633,65.4900976877418,56,0.3045,0.0594,-1.3236,0.6540,nan,12.7988,nan,708.0898,nan,0.0077,nan,669.8272,nan,33.6470,nan,13.2084,nan,529.6088,nan,1.0030,nan,708,418
Zn,9659,9959,75.5491582152462,53,0.2487,0.1165,-1.3049,0.6640,nan,7.3998,nan,707.6707,nan,0.4114,nan,664.4167,nan,35.7987,nan,13.0328,nan,409.5112,nan,0.9920,nan,708,424
Ge,11103,11403,86.5033689254396,23,-0.8772,0.0549,-1.1967,0.6162,nan,11.3412,nan,708.4564,nan,0.3743,nan,668.3634,nan,32.9575,nan,12.7724,nan,301.6971,nan,0.9900,nan,708,420
Se,12658,12958,98.2996276888403,98,-0.3135,0.1054,-1.3583,0.5557,nan,11.5863,nan,707.7981,nan,0.2840,nan,668.6112,nan,30.0023,nan,11.8925,nan,193.1526,nan,0.9982,nan,708,419
Kr,14326,14626,110.953106542443,68,-0.4017,0.1087,-1.3018,0.4909,nan,10.8803,nan,707.9065,nan,0.1756,nan,667.9073,nan,26.1656,nan,11.0160,nan,107.8889,nan,0.9904,nan,708,420
Sr,16105,16405,124.448633449253,95,0.1951,0.1644,-1.1153,0.5317,nan,8.5423,nan,707.5518,nan,0.5303,nan,665.5542,nan,26.9255,nan,11.1996,nan,54.8732,nan,0.9684,nan,708,422
Y,17035,17335,131.503630651802,97,-0.0506,0.1364,-1.1757,0.4836,nan,12.1785,nan,707.9760,nan,0.1061,nan,669.2064,nan,25.8852,nan,10.8645,nan,39.2427,nan,0.9682,nan,708,419
Zr,17998,18298,138.808966464763,51,-0.5522,0.1439,-1.2811,0.4879,nan,9.2650,nan,708.0110,nan,0.0711,nan,666.2931,nan,25.2089,nan,11.0831,nan,24.4826,nan,0.9517,nan,708,422
Nb,18986,19286,146.303952740159,10,-0.4552,0.1380,-0.8792,0.4133,nan,2.8746,nan,711.1433,nan,0.0448,nan,665.5289,nan,27.7578,nan,11.4718,nan,14.3923,nan,0.9462,nan,711,422
Mo,20000,20300,153.996175496485,90,-0.9359,0.1220,-1.3541,0.5755,nan,15.6815,nan,707.9664,nan,0.1156,nan,672.7094,nan,24.4498,nan,11.4131,nan,7.6765,nan,0.8409,nan,708,415
,,,,,,0.098788433203705,-1.24589730059238,,,,,,,,,,,,,,,,,,,,
